date,restaurant,food_item,quantity,wastage
2024-06-01,Restaurant_A,Burger,100,18
2024-06-01,Restaurant_A,Pizza,144,19
2024-06-01,Restaurant_A,Salad,183,38
2024-06-01,Restaurant_A,Pasta,190,4
2024-06-01,Restaurant_A,Sushi,98,2
2024-06-01,Restaurant_B,Burger,167,37
2024-06-01,Restaurant_B,Pizza,85,31
2024-06-01,Restaurant_B,Salad,159,27
2024-06-01,Restaurant_B,Pasta,117,0
2024-06-01,Restaurant_B,Sushi,149,26
2024-06-01,Restaurant_C,Burger,158,49
2024-06-01,Restaurant_C,Pizza,53,5
2024-06-01,Restaurant_C,Salad,178,6
2024-06-01,Restaurant_C,Pasta,130,23
2024-06-01,Restaurant_C,Sushi,121,44
2024-06-02,Restaurant_A,Burger,55,36
2024-06-02,Restaurant_A,Pizza,68,25
2024-06-02,Restaurant_A,Salad,74,16
2024-06-02,Restaurant_A,Pasta,77,6
2024-06-02,Restaurant_A,Sushi,196,30
2024-06-02,Restaurant_B,Burger,165,50
2024-06-02,Restaurant_B,Pizza,76,49
2024-06-02,Restaurant_B,Salad,189,2
2024-06-02,Restaurant_B,Pasta,134,44
2024-06-02,Restaurant_B,Sushi,195,27
2024-06-02,Restaurant_C,Burger,87,33
2024-06-02,Restaurant_C,Pizza,88,45
2024-06-02,Restaurant_C,Salad,152,35
2024-06-02,Restaurant_C,Pasta,87,16
2024-06-02,Restaurant_C,Sushi,199,7
2024-06-03,Restaurant_A,Burger,97,9
2024-06-03,Restaurant_A,Pizza,95,40
2024-06-03,Restaurant_A,Salad,60,48
2024-06-03,Restaurant_A,Pasta,200,13
2024-06-03,Restaurant_A,Sushi,186,24
2024-06-03,Restaurant_B,Burger,163,45
2024-06-03,Restaurant_B,Pizza,78,36
2024-06-03,Restaurant_B,Salad,166,48
2024-06-03,Restaurant_B,Pasta,102,34
2024-06-03,Restaurant_B,Sushi,200,35
2024-06-03,Restaurant_C,Burger,96,35
2024-06-03,Restaurant_C,Pizza,88,26
2024-06-03,Restaurant_C,Salad,177,48
2024-06-03,Restaurant_C,Pasta,112,47
2024-06-03,Restaurant_C,Sushi,124,23
2024-06-04,Restaurant_A,Burger,71,24
2024-06-04,Restaurant_A,Pizza,82,19
2024-06-04,Restaurant_A,Salad,67,46
2024-06-04,Restaurant_A,Pasta,153,20
2024-06-04,Restaurant_A,Sushi,181,22
2024-06-04,Restaurant_B,Burger,72,21
2024-06-04,Restaurant_B,Pizza,52,4
2024-06-04,Restaurant_B,Salad,72,25
2024-06-04,Restaurant_B,Pasta,131,14
2024-06-04,Restaurant_B,Sushi,162,48
2024-06-04,Restaurant_C,Burger,56,27
2024-06-04,Restaurant_C,Pizza,196,21
2024-06-04,Restaurant_C,Salad,131,30
2024-06-04,Restaurant_C,Pasta,149,48
2024-06-04,Restaurant_C,Sushi,146,8
2024-06-05,Restaurant_A,Burger,146,45
2024-06-05,Restaurant_A,Pizza,101,5
2024-06-05,Restaurant_A,Salad,85,19
2024-06-05,Restaurant_A,Pasta,130,47
2024-06-05,Restaurant_A,Sushi,129,9
2024-06-05,Restaurant_B,Burger,195,11
2024-06-05,Restaurant_B,Pizza,84,7
2024-06-05,Restaurant_B,Salad,75,45
2024-06-05,Restaurant_B,Pasta,138,31
2024-06-05,Restaurant_B,Sushi,172,40
2024-06-05,Restaurant_C,Burger,176,33
2024-06-05,Restaurant_C,Pizza,186,24
2024-06-05,Restaurant_C,Salad,188,41
2024-06-05,Restaurant_C,Pasta,153,2
2024-06-05,Restaurant_C,Sushi,111,49
2024-06-06,Restaurant_A,Burger,183,1
2024-06-06,Restaurant_A,Pizza,178,5
2024-06-06,Restaurant_A,Salad,175,12
2024-06-06,Restaurant_A,Pasta,173,45
2024-06-06,Restaurant_A,Sushi,121,19
2024-06-06,Restaurant_B,Burger,70,50
2024-06-06,Restaurant_B,Pizza,149,1
2024-06-06,Restaurant_B,Salad,143,21
2024-06-06,Restaurant_B,Pasta,117,40
2024-06-06,Restaurant_B,Sushi,182,24
2024-06-06,Restaurant_C,Burger,56,9
2024-06-06,Restaurant_C,Pizza,175,31
2024-06-06,Restaurant_C,Salad,89,38
2024-06-06,Restaurant_C,Pasta,64,6
2024-06-06,Restaurant_C,Sushi,84,11
2024-06-07,Restaurant_A,Burger,161,0
2024-06-07,Restaurant_A,Pizza,79,23
2024-06-07,Restaurant_A,Salad,130,43
2024-06-07,Restaurant_A,Pasta,61,22
2024-06-07,Restaurant_A,Sushi,192,26
2024-06-07,Restaurant_B,Burger,131,6
2024-06-07,Restaurant_B,Pizza,109,20
2024-06-07,Restaurant_B,Salad,103,21
2024-06-07,Restaurant_B,Pasta,116,23
2024-06-07,Restaurant_B,Sushi,142,15
2024-06-07,Restaurant_C,Burger,72,43
2024-06-07,Restaurant_C,Pizza,169,50
2024-06-07,Restaurant_C,Salad,64,6
2024-06-07,Restaurant_C,Pasta,51,8
2024-06-07,Restaurant_C,Sushi,166,38
2024-06-08,Restaurant_A,Burger,140,24
2024-06-08,Restaurant_A,Pizza,136,7
2024-06-08,Restaurant_A,Salad,70,18
2024-06-08,Restaurant_A,Pasta,164,36
2024-06-08,Restaurant_A,Sushi,63,2
2024-06-08,Restaurant_B,Burger,189,32
2024-06-08,Restaurant_B,Pizza,136,2
2024-06-08,Restaurant_B,Salad,74,11
2024-06-08,Restaurant_B,Pasta,101,23
2024-06-08,Restaurant_B,Sushi,179,18
2024-06-08,Restaurant_C,Burger,112,28
2024-06-08,Restaurant_C,Pizza,63,26
2024-06-08,Restaurant_C,Salad,51,10
2024-06-08,Restaurant_C,Pasta,179,27
2024-06-08,Restaurant_C,Sushi,138,45
2024-06-09,Restaurant_A,Burger,60,33
2024-06-09,Restaurant_A,Pizza,81,6
2024-06-09,Restaurant_A,Salad,179,0
2024-06-09,Restaurant_A,Pasta,146,44
2024-06-09,Restaurant_A,Sushi,166,46
2024-06-09,Restaurant_B,Burger,61,39
2024-06-09,Restaurant_B,Pizza,127,1
2024-06-09,Restaurant_B,Salad,67,5
2024-06-09,Restaurant_B,Pasta,78,23
2024-06-09,Restaurant_B,Sushi,124,46
2024-06-09,Restaurant_C,Burger,175,45
2024-06-09,Restaurant_C,Pizza,92,34
2024-06-09,Restaurant_C,Salad,128,48
2024-06-09,Restaurant_C,Pasta,54,37
2024-06-09,Restaurant_C,Sushi,184,11
2024-06-10,Restaurant_A,Burger,142,25
2024-06-10,Restaurant_A,Pizza,118,13
2024-06-10,Restaurant_A,Salad,167,30
2024-06-10,Restaurant_A,Pasta,136,40
2024-06-10,Restaurant_A,Sushi,135,30
2024-06-10,Restaurant_B,Burger,96,6
2024-06-10,Restaurant_B,Pizza,63,42
2024-06-10,Restaurant_B,Salad,80,47
2024-06-10,Restaurant_B,Pasta,192,1
2024-06-10,Restaurant_B,Sushi,112,3
2024-06-10,Restaurant_C,Burger,194,1
2024-06-10,Restaurant_C,Pizza,66,39
2024-06-10,Restaurant_C,Salad,124,46
2024-06-10,Restaurant_C,Pasta,184,23
2024-06-10,Restaurant_C,Sushi,56,36
2024-06-11,Restaurant_A,Burger,88,27
2024-06-11,Restaurant_A,Pizza,178,6
2024-06-11,Restaurant_A,Salad,169,16
2024-06-11,Restaurant_A,Pasta,67,32
2024-06-11,Restaurant_A,Sushi,184,40
2024-06-11,Restaurant_B,Burger,67,0
2024-06-11,Restaurant_B,Pizza,147,21
2024-06-11,Restaurant_B,Salad,89,29
2024-06-11,Restaurant_B,Pasta,134,7
2024-06-11,Restaurant_B,Sushi,99,42
2024-06-11,Restaurant_C,Burger,196,33
2024-06-11,Restaurant_C,Pizza,84,19
2024-06-11,Restaurant_C,Salad,157,37
2024-06-11,Restaurant_C,Pasta,149,7
2024-06-11,Restaurant_C,Sushi,148,30
2024-06-12,Restaurant_A,Burger,58,46
2024-06-12,Restaurant_A,Pizza,59,49
2024-06-12,Restaurant_A,Salad,166,47
2024-06-12,Restaurant_A,Pasta,67,7
2024-06-12,Restaurant_A,Sushi,158,31
2024-06-12,Restaurant_B,Burger,64,46
2024-06-12,Restaurant_B,Pizza,139,13
2024-06-12,Restaurant_B,Salad,112,15
2024-06-12,Restaurant_B,Pasta,166,32
2024-06-12,Restaurant_B,Sushi,106,30
2024-06-12,Restaurant_C,Burger,133,21
2024-06-12,Restaurant_C,Pizza,139,20
2024-06-12,Restaurant_C,Salad,62,3
2024-06-12,Restaurant_C,Pasta,139,32
2024-06-12,Restaurant_C,Sushi,154,7
2024-06-13,Restaurant_A,Burger,132,5
2024-06-13,Restaurant_A,Pizza,114,41
2024-06-13,Restaurant_A,Salad,120,47
2024-06-13,Restaurant_A,Pasta,96,27
2024-06-13,Restaurant_A,Sushi,81,27
2024-06-13,Restaurant_B,Burger,125,4
2024-06-13,Restaurant_B,Pizza,183,23
2024-06-13,Restaurant_B,Salad,166,42
2024-06-13,Restaurant_B,Pasta,155,23
2024-06-13,Restaurant_B,Sushi,107,21
2024-06-13,Restaurant_C,Burger,153,5
2024-06-13,Restaurant_C,Pizza,109,22
2024-06-13,Restaurant_C,Salad,67,36
2024-06-13,Restaurant_C,Pasta,62,13
2024-06-13,Restaurant_C,Sushi,160,4
2024-06-14,Restaurant_A,Burger,93,2
2024-06-14,Restaurant_A,Pizza,57,32
2024-06-14,Restaurant_A,Salad,153,16
2024-06-14,Restaurant_A,Pasta,128,9
2024-06-14,Restaurant_A,Sushi,165,2
2024-06-14,Restaurant_B,Burger,143,35
2024-06-14,Restaurant_B,Pizza,56,32
2024-06-14,Restaurant_B,Salad,118,35
2024-06-14,Restaurant_B,Pasta,158,18
2024-06-14,Restaurant_B,Sushi,63,46
2024-06-14,Restaurant_C,Burger,183,0
2024-06-14,Restaurant_C,Pizza,137,18
2024-06-14,Restaurant_C,Salad,68,21
2024-06-14,Restaurant_C,Pasta,134,49
2024-06-14,Restaurant_C,Sushi,152,31
2024-06-15,Restaurant_A,Burger,111,27
2024-06-15,Restaurant_A,Pizza,66,50
2024-06-15,Restaurant_A,Salad,176,4
2024-06-15,Restaurant_A,Pasta,126,13
2024-06-15,Restaurant_A,Sushi,90,1
2024-06-15,Restaurant_B,Burger,115,25
2024-06-15,Restaurant_B,Pizza,104,11
2024-06-15,Restaurant_B,Salad,185,4
2024-06-15,Restaurant_B,Pasta,67,2
2024-06-15,Restaurant_B,Sushi,198,2
2024-06-15,Restaurant_C,Burger,84,15
2024-06-15,Restaurant_C,Pizza,108,4
2024-06-15,Restaurant_C,Salad,159,18
2024-06-15,Restaurant_C,Pasta,158,9
2024-06-15,Restaurant_C,Sushi,118,0
2024-06-16,Restaurant_A,Burger,59,28
2024-06-16,Restaurant_A,Pizza,151,8
2024-06-16,Restaurant_A,Salad,170,6
2024-06-16,Restaurant_A,Pasta,82,41
2024-06-16,Restaurant_A,Sushi,60,50
2024-06-16,Restaurant_B,Burger,97,44
2024-06-16,Restaurant_B,Pizza,142,16
2024-06-16,Restaurant_B,Salad,194,4
2024-06-16,Restaurant_B,Pasta,104,15
2024-06-16,Restaurant_B,Sushi,114,31
2024-06-16,Restaurant_C,Burger,145,15
2024-06-16,Restaurant_C,Pizza,115,40
2024-06-16,Restaurant_C,Salad,182,34
2024-06-16,Restaurant_C,Pasta,52,7
2024-06-16,Restaurant_C,Sushi,162,50
2024-06-17,Restaurant_A,Burger,103,44
2024-06-17,Restaurant_A,Pizza,120,9
2024-06-17,Restaurant_A,Salad,58,45
2024-06-17,Restaurant_A,Pasta,84,36
2024-06-17,Restaurant_A,Sushi,177,40
2024-06-17,Restaurant_B,Burger,96,20
2024-06-17,Restaurant_B,Pizza,99,29
2024-06-17,Restaurant_B,Salad,67,34
2024-06-17,Restaurant_B,Pasta,65,1
2024-06-17,Restaurant_B,Sushi,129,41
2024-06-17,Restaurant_C,Burger,156,19
2024-06-17,Restaurant_C,Pizza,185,9
2024-06-17,Restaurant_C,Salad,63,47
2024-06-17,Restaurant_C,Pasta,104,20
2024-06-17,Restaurant_C,Sushi,146,48
2024-06-18,Restaurant_A,Burger,99,23
2024-06-18,Restaurant_A,Pizza,67,16
2024-06-18,Restaurant_A,Salad,136,22
2024-06-18,Restaurant_A,Pasta,175,18
2024-06-18,Restaurant_A,Sushi,180,37
2024-06-18,Restaurant_B,Burger,185,43
2024-06-18,Restaurant_B,Pizza,197,19
2024-06-18,Restaurant_B,Salad,63,22
2024-06-18,Restaurant_B,Pasta,179,50
2024-06-18,Restaurant_B,Sushi,104,15
2024-06-18,Restaurant_C,Burger,91,3
2024-06-18,Restaurant_C,Pizza,72,11
2024-06-18,Restaurant_C,Salad,51,36
2024-06-18,Restaurant_C,Pasta,188,34
2024-06-18,Restaurant_C,Sushi,83,48
2024-06-19,Restaurant_A,Burger,105,22
2024-06-19,Restaurant_A,Pizza,123,30
2024-06-19,Restaurant_A,Salad,66,15
2024-06-19,Restaurant_A,Pasta,151,40
2024-06-19,Restaurant_A,Sushi,51,8
2024-06-19,Restaurant_B,Burger,176,38
2024-06-19,Restaurant_B,Pizza,118,36
2024-06-19,Restaurant_B,Salad,65,13
2024-06-19,Restaurant_B,Pasta,175,40
2024-06-19,Restaurant_B,Sushi,176,47
2024-06-19,Restaurant_C,Burger,132,5
2024-06-19,Restaurant_C,Pizza,75,20
2024-06-19,Restaurant_C,Salad,110,21
2024-06-19,Restaurant_C,Pasta,143,2
2024-06-19,Restaurant_C,Sushi,72,32
2024-06-20,Restaurant_A,Burger,152,11
2024-06-20,Restaurant_A,Pizza,106,38
2024-06-20,Restaurant_A,Salad,89,43
2024-06-20,Restaurant_A,Pasta,56,29
2024-06-20,Restaurant_A,Sushi,104,18
2024-06-20,Restaurant_B,Burger,186,20
2024-06-20,Restaurant_B,Pizza,116,1
2024-06-20,Restaurant_B,Salad,157,20
2024-06-20,Restaurant_B,Pasta,94,21
2024-06-20,Restaurant_B,Sushi,157,10
2024-06-20,Restaurant_C,Burger,132,2
2024-06-20,Restaurant_C,Pizza,121,17
2024-06-20,Restaurant_C,Salad,198,43
2024-06-20,Restaurant_C,Pasta,97,38
2024-06-20,Restaurant_C,Sushi,148,10
2024-06-21,Restaurant_A,Burger,174,50
2024-06-21,Restaurant_A,Pizza,144,24
2024-06-21,Restaurant_A,Salad,92,37
2024-06-21,Restaurant_A,Pasta,93,19
2024-06-21,Restaurant_A,Sushi,184,35
2024-06-21,Restaurant_B,Burger,199,9
2024-06-21,Restaurant_B,Pizza,53,46
2024-06-21,Restaurant_B,Salad,190,34
2024-06-21,Restaurant_B,Pasta,153,25
2024-06-21,Restaurant_B,Sushi,106,27
2024-06-21,Restaurant_C,Burger,174,44
2024-06-21,Restaurant_C,Pizza,199,12
2024-06-21,Restaurant_C,Salad,82,29
2024-06-21,Restaurant_C,Pasta,131,5
2024-06-21,Restaurant_C,Sushi,131,15
2024-06-22,Restaurant_A,Burger,139,16
2024-06-22,Restaurant_A,Pizza,195,15
2024-06-22,Restaurant_A,Salad,161,24
2024-06-22,Restaurant_A,Pasta,70,35
2024-06-22,Restaurant_A,Sushi,163,39
2024-06-22,Restaurant_B,Burger,110,46
2024-06-22,Restaurant_B,Pizza,184,50
2024-06-22,Restaurant_B,Salad,60,1
2024-06-22,Restaurant_B,Pasta,135,5
2024-06-22,Restaurant_B,Sushi,160,7
2024-06-22,Restaurant_C,Burger,161,17
2024-06-22,Restaurant_C,Pizza,130,8
2024-06-22,Restaurant_C,Salad,51,34
2024-06-22,Restaurant_C,Pasta,82,1
2024-06-22,Restaurant_C,Sushi,139,2
2024-06-23,Restaurant_A,Burger,185,22
2024-06-23,Restaurant_A,Pizza,107,42
2024-06-23,Restaurant_A,Salad,156,39
2024-06-23,Restaurant_A,Pasta,85,1
2024-06-23,Restaurant_A,Sushi,124,3
2024-06-23,Restaurant_B,Burger,116,26
2024-06-23,Restaurant_B,Pizza,118,17
2024-06-23,Restaurant_B,Salad,109,11
2024-06-23,Restaurant_B,Pasta,160,9
2024-06-23,Restaurant_B,Sushi,93,38
2024-06-23,Restaurant_C,Burger,186,37
2024-06-23,Restaurant_C,Pizza,133,32
2024-06-23,Restaurant_C,Salad,60,22
2024-06-23,Restaurant_C,Pasta,143,0
2024-06-23,Restaurant_C,Sushi,62,15
2024-06-24,Restaurant_A,Burger,168,33
2024-06-24,Restaurant_A,Pizza,57,24
2024-06-24,Restaurant_A,Salad,136,28
2024-06-24,Restaurant_A,Pasta,119,7
2024-06-24,Restaurant_A,Sushi,160,5
2024-06-24,Restaurant_B,Burger,86,39
2024-06-24,Restaurant_B,Pizza,182,44
2024-06-24,Restaurant_B,Salad,104,28
2024-06-24,Restaurant_B,Pasta,166,11
2024-06-24,Restaurant_B,Sushi,124,7
2024-06-24,Restaurant_C,Burger,186,14
2024-06-24,Restaurant_C,Pizza,128,48
2024-06-24,Restaurant_C,Salad,179,11
2024-06-24,Restaurant_C,Pasta,86,10
2024-06-24,Restaurant_C,Sushi,113,18
2024-06-25,Restaurant_A,Burger,110,14
2024-06-25,Restaurant_A,Pizza,65,27
2024-06-25,Restaurant_A,Salad,89,46
2024-06-25,Restaurant_A,Pasta,131,0
2024-06-25,Restaurant_A,Sushi,182,8
2024-06-25,Restaurant_B,Burger,181,22
2024-06-25,Restaurant_B,Pizza,58,25
2024-06-25,Restaurant_B,Salad,71,39
2024-06-25,Restaurant_B,Pasta,137,43
2024-06-25,Restaurant_B,Sushi,165,35
2024-06-25,Restaurant_C,Burger,94,21
2024-06-25,Restaurant_C,Pizza,86,34
2024-06-25,Restaurant_C,Salad,124,20
2024-06-25,Restaurant_C,Pasta,97,44
2024-06-25,Restaurant_C,Sushi,88,11
2024-06-26,Restaurant_A,Burger,172,46
2024-06-26,Restaurant_A,Pizza,120,29
2024-06-26,Restaurant_A,Salad,150,21
2024-06-26,Restaurant_A,Pasta,172,12
2024-06-26,Restaurant_A,Sushi,58,10
2024-06-26,Restaurant_B,Burger,121,21
2024-06-26,Restaurant_B,Pizza,102,37
2024-06-26,Restaurant_B,Salad,86,8
2024-06-26,Restaurant_B,Pasta,161,48
2024-06-26,Restaurant_B,Sushi,91,2
2024-06-26,Restaurant_C,Burger,124,11
2024-06-26,Restaurant_C,Pizza,86,13
2024-06-26,Restaurant_C,Salad,126,36
2024-06-26,Restaurant_C,Pasta,53,12
2024-06-26,Restaurant_C,Sushi,163,49
2024-06-27,Restaurant_A,Burger,180,33
2024-06-27,Restaurant_A,Pizza,110,47
2024-06-27,Restaurant_A,Salad,51,30
2024-06-27,Restaurant_A,Pasta,128,33
2024-06-27,Restaurant_A,Sushi,182,6
2024-06-27,Restaurant_B,Burger,198,16
2024-06-27,Restaurant_B,Pizza,182,30
2024-06-27,Restaurant_B,Salad,139,43
2024-06-27,Restaurant_B,Pasta,139,46
2024-06-27,Restaurant_B,Sushi,144,16
2024-06-27,Restaurant_C,Burger,115,45
2024-06-27,Restaurant_C,Pizza,104,12
2024-06-27,Restaurant_C,Salad,86,49
2024-06-27,Restaurant_C,Pasta,62,23
2024-06-27,Restaurant_C,Sushi,200,45
2024-06-28,Restaurant_A,Burger,177,21
2024-06-28,Restaurant_A,Pizza,64,33
2024-06-28,Restaurant_A,Salad,84,43
2024-06-28,Restaurant_A,Pasta,198,34
2024-06-28,Restaurant_A,Sushi,130,1
2024-06-28,Restaurant_B,Burger,191,2
2024-06-28,Restaurant_B,Pizza,136,20
2024-06-28,Restaurant_B,Salad,172,10
2024-06-28,Restaurant_B,Pasta,184,11
2024-06-28,Restaurant_B,Sushi,85,46
2024-06-28,Restaurant_C,Burger,186,32
2024-06-28,Restaurant_C,Pizza,88,24
2024-06-28,Restaurant_C,Salad,66,31
2024-06-28,Restaurant_C,Pasta,90,35
2024-06-28,Restaurant_C,Sushi,111,41
2024-06-29,Restaurant_A,Burger,67,21
2024-06-29,Restaurant_A,Pizza,131,43
2024-06-29,Restaurant_A,Salad,176,40
2024-06-29,Restaurant_A,Pasta,89,35
2024-06-29,Restaurant_A,Sushi,176,45
2024-06-29,Restaurant_B,Burger,62,3
2024-06-29,Restaurant_B,Pizza,195,17
2024-06-29,Restaurant_B,Salad,91,17
2024-06-29,Restaurant_B,Pasta,143,20
2024-06-29,Restaurant_B,Sushi,169,43
2024-06-29,Restaurant_C,Burger,193,20
2024-06-29,Restaurant_C,Pizza,75,46
2024-06-29,Restaurant_C,Salad,61,50
2024-06-29,Restaurant_C,Pasta,91,14
2024-06-29,Restaurant_C,Sushi,103,29
2024-06-30,Restaurant_A,Burger,148,43
2024-06-30,Restaurant_A,Pizza,190,31
2024-06-30,Restaurant_A,Salad,179,13
2024-06-30,Restaurant_A,Pasta,86,15
2024-06-30,Restaurant_A,Sushi,62,44
2024-06-30,Restaurant_B,Burger,124,50
2024-06-30,Restaurant_B,Pizza,66,45
2024-06-30,Restaurant_B,Salad,57,46
2024-06-30,Restaurant_B,Pasta,186,49
2024-06-30,Restaurant_B,Sushi,141,46
2024-06-30,Restaurant_C,Burger,85,11
2024-06-30,Restaurant_C,Pizza,157,22
2024-06-30,Restaurant_C,Salad,163,10
2024-06-30,Restaurant_C,Pasta,169,9
2024-06-30,Restaurant_C,Sushi,196,1
2024-07-01,Restaurant_A,Burger,160,21
2024-07-01,Restaurant_A,Pizza,155,46
2024-07-01,Restaurant_A,Salad,182,32
2024-07-01,Restaurant_A,Pasta,121,10
2024-07-01,Restaurant_A,Sushi,132,33
2024-07-01,Restaurant_B,Burger,130,33
2024-07-01,Restaurant_B,Pizza,130,0
2024-07-01,Restaurant_B,Salad,116,20
2024-07-01,Restaurant_B,Pasta,190,20
2024-07-01,Restaurant_B,Sushi,74,42
2024-07-01,Restaurant_C,Burger,159,34
2024-07-01,Restaurant_C,Pizza,193,7
2024-07-01,Restaurant_C,Salad,164,8
2024-07-01,Restaurant_C,Pasta,175,32
2024-07-01,Restaurant_C,Sushi,110,11
2024-07-02,Restaurant_A,Burger,148,8
2024-07-02,Restaurant_A,Pizza,140,29
2024-07-02,Restaurant_A,Salad,193,31
2024-07-02,Restaurant_A,Pasta,142,32
2024-07-02,Restaurant_A,Sushi,130,18
2024-07-02,Restaurant_B,Burger,182,39
2024-07-02,Restaurant_B,Pizza,127,43
2024-07-02,Restaurant_B,Salad,183,19
2024-07-02,Restaurant_B,Pasta,54,25
2024-07-02,Restaurant_B,Sushi,61,13
2024-07-02,Restaurant_C,Burger,126,20
2024-07-02,Restaurant_C,Pizza,95,9
2024-07-02,Restaurant_C,Salad,78,6
2024-07-02,Restaurant_C,Pasta,134,7
2024-07-02,Restaurant_C,Sushi,154,10
2024-07-03,Restaurant_A,Burger,146,25
2024-07-03,Restaurant_A,Pizza,61,0
2024-07-03,Restaurant_A,Salad,160,42
2024-07-03,Restaurant_A,Pasta,127,9
2024-07-03,Restaurant_A,Sushi,152,20
2024-07-03,Restaurant_B,Burger,113,5
2024-07-03,Restaurant_B,Pizza,183,43
2024-07-03,Restaurant_B,Salad,100,18
2024-07-03,Restaurant_B,Pasta,179,16
2024-07-03,Restaurant_B,Sushi,141,33
2024-07-03,Restaurant_C,Burger,116,45
2024-07-03,Restaurant_C,Pizza,73,32
2024-07-03,Restaurant_C,Salad,146,34
2024-07-03,Restaurant_C,Pasta,94,17
2024-07-03,Restaurant_C,Sushi,150,32
2024-07-04,Restaurant_A,Burger,83,21
2024-07-04,Restaurant_A,Pizza,58,40
2024-07-04,Restaurant_A,Salad,100,16
2024-07-04,Restaurant_A,Pasta,200,23
2024-07-04,Restaurant_A,Sushi,95,32
2024-07-04,Restaurant_B,Burger,117,3
2024-07-04,Restaurant_B,Pizza,127,8
2024-07-04,Restaurant_B,Salad,140,12
2024-07-04,Restaurant_B,Pasta,118,14
2024-07-04,Restaurant_B,Sushi,56,14
2024-07-04,Restaurant_C,Burger,106,48
2024-07-04,Restaurant_C,Pizza,53,8
2024-07-04,Restaurant_C,Salad,77,32
2024-07-04,Restaurant_C,Pasta,176,43
2024-07-04,Restaurant_C,Sushi,70,47
2024-07-05,Restaurant_A,Burger,192,47
2024-07-05,Restaurant_A,Pizza,172,1
2024-07-05,Restaurant_A,Salad,85,32
2024-07-05,Restaurant_A,Pasta,62,50
2024-07-05,Restaurant_A,Sushi,187,45
2024-07-05,Restaurant_B,Burger,186,25
2024-07-05,Restaurant_B,Pizza,85,16
2024-07-05,Restaurant_B,Salad,155,43
2024-07-05,Restaurant_B,Pasta,120,49
2024-07-05,Restaurant_B,Sushi,139,41
2024-07-05,Restaurant_C,Burger,195,7
2024-07-05,Restaurant_C,Pizza,139,23
2024-07-05,Restaurant_C,Salad,138,32
2024-07-05,Restaurant_C,Pasta,152,35
2024-07-05,Restaurant_C,Sushi,56,9
2024-07-06,Restaurant_A,Burger,158,34
2024-07-06,Restaurant_A,Pizza,152,7
2024-07-06,Restaurant_A,Salad,132,49
2024-07-06,Restaurant_A,Pasta,69,13
2024-07-06,Restaurant_A,Sushi,141,33
2024-07-06,Restaurant_B,Burger,53,25
2024-07-06,Restaurant_B,Pizza,172,12
2024-07-06,Restaurant_B,Salad,69,19
2024-07-06,Restaurant_B,Pasta,94,5
2024-07-06,Restaurant_B,Sushi,179,40
2024-07-06,Restaurant_C,Burger,196,49
2024-07-06,Restaurant_C,Pizza,129,39
2024-07-06,Restaurant_C,Salad,164,43
2024-07-06,Restaurant_C,Pasta,166,13
2024-07-06,Restaurant_C,Sushi,171,27
2024-07-07,Restaurant_A,Burger,118,36
2024-07-07,Restaurant_A,Pizza,119,19
2024-07-07,Restaurant_A,Salad,105,5
2024-07-07,Restaurant_A,Pasta,101,25
2024-07-07,Restaurant_A,Sushi,50,36
2024-07-07,Restaurant_B,Burger,143,44
2024-07-07,Restaurant_B,Pizza,140,35
2024-07-07,Restaurant_B,Salad,57,21
2024-07-07,Restaurant_B,Pasta,196,37
2024-07-07,Restaurant_B,Sushi,61,10
2024-07-07,Restaurant_C,Burger,86,24
2024-07-07,Restaurant_C,Pizza,196,20
2024-07-07,Restaurant_C,Salad,147,24
2024-07-07,Restaurant_C,Pasta,162,9
2024-07-07,Restaurant_C,Sushi,132,22
2024-07-08,Restaurant_A,Burger,165,20
2024-07-08,Restaurant_A,Pizza,97,44
2024-07-08,Restaurant_A,Salad,189,10
2024-07-08,Restaurant_A,Pasta,60,9
2024-07-08,Restaurant_A,Sushi,105,34
2024-07-08,Restaurant_B,Burger,173,17
2024-07-08,Restaurant_B,Pizza,91,22
2024-07-08,Restaurant_B,Salad,99,13
2024-07-08,Restaurant_B,Pasta,168,6
2024-07-08,Restaurant_B,Sushi,50,49
2024-07-08,Restaurant_C,Burger,141,49
2024-07-08,Restaurant_C,Pizza,154,27
2024-07-08,Restaurant_C,Salad,71,36
2024-07-08,Restaurant_C,Pasta,95,44
2024-07-08,Restaurant_C,Sushi,149,36
2024-07-09,Restaurant_A,Burger,171,17
2024-07-09,Restaurant_A,Pizza,195,23
2024-07-09,Restaurant_A,Salad,63,21
2024-07-09,Restaurant_A,Pasta,57,41
2024-07-09,Restaurant_A,Sushi,198,16
2024-07-09,Restaurant_B,Burger,80,34
2024-07-09,Restaurant_B,Pizza,57,22
2024-07-09,Restaurant_B,Salad,126,1
2024-07-09,Restaurant_B,Pasta,194,9
2024-07-09,Restaurant_B,Sushi,170,14
2024-07-09,Restaurant_C,Burger,115,5
2024-07-09,Restaurant_C,Pizza,60,48
2024-07-09,Restaurant_C,Salad,90,10
2024-07-09,Restaurant_C,Pasta,69,0
2024-07-09,Restaurant_C,Sushi,189,27
2024-07-10,Restaurant_A,Burger,163,19
2024-07-10,Restaurant_A,Pizza,104,30
2024-07-10,Restaurant_A,Salad,180,48
2024-07-10,Restaurant_A,Pasta,185,28
2024-07-10,Restaurant_A,Sushi,147,12
2024-07-10,Restaurant_B,Burger,118,24
2024-07-10,Restaurant_B,Pizza,181,0
2024-07-10,Restaurant_B,Salad,169,50
2024-07-10,Restaurant_B,Pasta,120,46
2024-07-10,Restaurant_B,Sushi,106,32
2024-07-10,Restaurant_C,Burger,188,5
2024-07-10,Restaurant_C,Pizza,93,35
2024-07-10,Restaurant_C,Salad,63,38
2024-07-10,Restaurant_C,Pasta,113,5
2024-07-10,Restaurant_C,Sushi,113,23
2024-07-11,Restaurant_A,Burger,53,47
2024-07-11,Restaurant_A,Pizza,167,33
2024-07-11,Restaurant_A,Salad,133,40
2024-07-11,Restaurant_A,Pasta,151,8
2024-07-11,Restaurant_A,Sushi,117,2
2024-07-11,Restaurant_B,Burger,56,35
2024-07-11,Restaurant_B,Pizza,193,21
2024-07-11,Restaurant_B,Salad,188,28
2024-07-11,Restaurant_B,Pasta,170,23
2024-07-11,Restaurant_B,Sushi,56,32
2024-07-11,Restaurant_C,Burger,84,25
2024-07-11,Restaurant_C,Pizza,93,9
2024-07-11,Restaurant_C,Salad,169,19
2024-07-11,Restaurant_C,Pasta,100,7
2024-07-11,Restaurant_C,Sushi,180,14
2024-07-12,Restaurant_A,Burger,155,30
2024-07-12,Restaurant_A,Pizza,77,37
2024-07-12,Restaurant_A,Salad,158,5
2024-07-12,Restaurant_A,Pasta,57,21
2024-07-12,Restaurant_A,Sushi,183,47
2024-07-12,Restaurant_B,Burger,97,43
2024-07-12,Restaurant_B,Pizza,71,50
2024-07-12,Restaurant_B,Salad,138,2
2024-07-12,Restaurant_B,Pasta,162,35
2024-07-12,Restaurant_B,Sushi,55,45
2024-07-12,Restaurant_C,Burger,53,40
2024-07-12,Restaurant_C,Pizza,174,45
2024-07-12,Restaurant_C,Salad,110,2
2024-07-12,Restaurant_C,Pasta,87,11
2024-07-12,Restaurant_C,Sushi,153,48
2024-07-13,Restaurant_A,Burger,200,49
2024-07-13,Restaurant_A,Pizza,197,39
2024-07-13,Restaurant_A,Salad,155,2
2024-07-13,Restaurant_A,Pasta,177,7
2024-07-13,Restaurant_A,Sushi,101,8
2024-07-13,Restaurant_B,Burger,151,49
2024-07-13,Restaurant_B,Pizza,65,47
2024-07-13,Restaurant_B,Salad,176,4
2024-07-13,Restaurant_B,Pasta,155,36
2024-07-13,Restaurant_B,Sushi,118,31
2024-07-13,Restaurant_C,Burger,153,37
2024-07-13,Restaurant_C,Pizza,150,24
2024-07-13,Restaurant_C,Salad,176,33
2024-07-13,Restaurant_C,Pasta,179,10
2024-07-13,Restaurant_C,Sushi,160,21
2024-07-14,Restaurant_A,Burger,126,27
2024-07-14,Restaurant_A,Pizza,146,26
2024-07-14,Restaurant_A,Salad,54,42
2024-07-14,Restaurant_A,Pasta,166,11
2024-07-14,Restaurant_A,Sushi,147,47
2024-07-14,Restaurant_B,Burger,88,44
2024-07-14,Restaurant_B,Pizza,72,21
2024-07-14,Restaurant_B,Salad,143,33
2024-07-14,Restaurant_B,Pasta,64,16
2024-07-14,Restaurant_B,Sushi,167,20
2024-07-14,Restaurant_C,Burger,186,21
2024-07-14,Restaurant_C,Pizza,117,23
2024-07-14,Restaurant_C,Salad,161,14
2024-07-14,Restaurant_C,Pasta,130,2
2024-07-14,Restaurant_C,Sushi,136,44
2024-07-15,Restaurant_A,Burger,162,8
2024-07-15,Restaurant_A,Pizza,199,38
2024-07-15,Restaurant_A,Salad,142,33
2024-07-15,Restaurant_A,Pasta,163,5
2024-07-15,Restaurant_A,Sushi,136,38
2024-07-15,Restaurant_B,Burger,193,4
2024-07-15,Restaurant_B,Pizza,63,24
2024-07-15,Restaurant_B,Salad,81,10
2024-07-15,Restaurant_B,Pasta,108,6
2024-07-15,Restaurant_B,Sushi,90,3
2024-07-15,Restaurant_C,Burger,188,0
2024-07-15,Restaurant_C,Pizza,83,37
2024-07-15,Restaurant_C,Salad,85,13
2024-07-15,Restaurant_C,Pasta,58,39
2024-07-15,Restaurant_C,Sushi,179,46
2024-07-16,Restaurant_A,Burger,175,11
2024-07-16,Restaurant_A,Pizza,83,43
2024-07-16,Restaurant_A,Salad,146,49
2024-07-16,Restaurant_A,Pasta,92,11
2024-07-16,Restaurant_A,Sushi,62,34
2024-07-16,Restaurant_B,Burger,94,36
2024-07-16,Restaurant_B,Pizza,183,26
2024-07-16,Restaurant_B,Salad,112,43
2024-07-16,Restaurant_B,Pasta,94,14
2024-07-16,Restaurant_B,Sushi,99,44
2024-07-16,Restaurant_C,Burger,55,34
2024-07-16,Restaurant_C,Pizza,117,3
2024-07-16,Restaurant_C,Salad,128,18
2024-07-16,Restaurant_C,Pasta,162,7
2024-07-16,Restaurant_C,Sushi,170,1
2024-07-17,Restaurant_A,Burger,129,3
2024-07-17,Restaurant_A,Pizza,99,2
2024-07-17,Restaurant_A,Salad,113,13
2024-07-17,Restaurant_A,Pasta,117,3
2024-07-17,Restaurant_A,Sushi,97,4
2024-07-17,Restaurant_B,Burger,93,47
2024-07-17,Restaurant_B,Pizza,85,42
2024-07-17,Restaurant_B,Salad,74,44
2024-07-17,Restaurant_B,Pasta,102,33
2024-07-17,Restaurant_B,Sushi,142,39
2024-07-17,Restaurant_C,Burger,98,13
2024-07-17,Restaurant_C,Pizza,155,43
2024-07-17,Restaurant_C,Salad,107,29
2024-07-17,Restaurant_C,Pasta,63,37
2024-07-17,Restaurant_C,Sushi,180,15
2024-07-18,Restaurant_A,Burger,171,36
2024-07-18,Restaurant_A,Pizza,183,6
2024-07-18,Restaurant_A,Salad,73,19
2024-07-18,Restaurant_A,Pasta,113,40
2024-07-18,Restaurant_A,Sushi,93,11
2024-07-18,Restaurant_B,Burger,177,13
2024-07-18,Restaurant_B,Pizza,169,15
2024-07-18,Restaurant_B,Salad,178,43
2024-07-18,Restaurant_B,Pasta,150,18
2024-07-18,Restaurant_B,Sushi,132,39
2024-07-18,Restaurant_C,Burger,156,38
2024-07-18,Restaurant_C,Pizza,105,0
2024-07-18,Restaurant_C,Salad,159,37
2024-07-18,Restaurant_C,Pasta,176,50
2024-07-18,Restaurant_C,Sushi,69,8
2024-07-19,Restaurant_A,Burger,132,10
2024-07-19,Restaurant_A,Pizza,194,23
2024-07-19,Restaurant_A,Salad,151,36
2024-07-19,Restaurant_A,Pasta,86,4
2024-07-19,Restaurant_A,Sushi,124,34
2024-07-19,Restaurant_B,Burger,113,45
2024-07-19,Restaurant_B,Pizza,195,13
2024-07-19,Restaurant_B,Salad,114,33
2024-07-19,Restaurant_B,Pasta,162,23
2024-07-19,Restaurant_B,Sushi,53,34
2024-07-19,Restaurant_C,Burger,99,46
2024-07-19,Restaurant_C,Pizza,188,22
2024-07-19,Restaurant_C,Salad,142,3
2024-07-19,Restaurant_C,Pasta,155,22
2024-07-19,Restaurant_C,Sushi,56,25
2024-07-20,Restaurant_A,Burger,103,30
2024-07-20,Restaurant_A,Pizza,94,16
2024-07-20,Restaurant_A,Salad,121,36
2024-07-20,Restaurant_A,Pasta,168,38
2024-07-20,Restaurant_A,Sushi,59,44
2024-07-20,Restaurant_B,Burger,199,14
2024-07-20,Restaurant_B,Pizza,178,18
2024-07-20,Restaurant_B,Salad,75,33
2024-07-20,Restaurant_B,Pasta,63,44
2024-07-20,Restaurant_B,Sushi,72,26
2024-07-20,Restaurant_C,Burger,182,40
2024-07-20,Restaurant_C,Pizza,89,35
2024-07-20,Restaurant_C,Salad,119,27
2024-07-20,Restaurant_C,Pasta,59,0
2024-07-20,Restaurant_C,Sushi,63,40
2024-07-21,Restaurant_A,Burger,161,4
2024-07-21,Restaurant_A,Pizza,94,19
2024-07-21,Restaurant_A,Salad,110,7
2024-07-21,Restaurant_A,Pasta,171,11
2024-07-21,Restaurant_A,Sushi,175,19
2024-07-21,Restaurant_B,Burger,78,45
2024-07-21,Restaurant_B,Pizza,169,29
2024-07-21,Restaurant_B,Salad,108,24
2024-07-21,Restaurant_B,Pasta,190,19
2024-07-21,Restaurant_B,Sushi,176,7
2024-07-21,Restaurant_C,Burger,158,34
2024-07-21,Restaurant_C,Pizza,171,10
2024-07-21,Restaurant_C,Salad,176,50
2024-07-21,Restaurant_C,Pasta,168,34
2024-07-21,Restaurant_C,Sushi,85,4
2024-07-22,Restaurant_A,Burger,87,6
2024-07-22,Restaurant_A,Pizza,118,26
2024-07-22,Restaurant_A,Salad,77,6
2024-07-22,Restaurant_A,Pasta,148,44
2024-07-22,Restaurant_A,Sushi,120,13
2024-07-22,Restaurant_B,Burger,126,18
2024-07-22,Restaurant_B,Pizza,133,18
2024-07-22,Restaurant_B,Salad,76,18
2024-07-22,Restaurant_B,Pasta,139,2
2024-07-22,Restaurant_B,Sushi,103,43
2024-07-22,Restaurant_C,Burger,180,38
2024-07-22,Restaurant_C,Pizza,80,13
2024-07-22,Restaurant_C,Salad,84,48
2024-07-22,Restaurant_C,Pasta,131,5
2024-07-22,Restaurant_C,Sushi,130,1
2024-07-23,Restaurant_A,Burger,80,10
2024-07-23,Restaurant_A,Pizza,148,42
2024-07-23,Restaurant_A,Salad,77,36
2024-07-23,Restaurant_A,Pasta,108,3
2024-07-23,Restaurant_A,Sushi,82,25
2024-07-23,Restaurant_B,Burger,85,47
2024-07-23,Restaurant_B,Pizza,153,19
2024-07-23,Restaurant_B,Salad,146,2
2024-07-23,Restaurant_B,Pasta,135,9
2024-07-23,Restaurant_B,Sushi,191,37
2024-07-23,Restaurant_C,Burger,194,43
2024-07-23,Restaurant_C,Pizza,173,15
2024-07-23,Restaurant_C,Salad,108,6
2024-07-23,Restaurant_C,Pasta,117,0
2024-07-23,Restaurant_C,Sushi,193,36
2024-07-24,Restaurant_A,Burger,79,8
2024-07-24,Restaurant_A,Pizza,74,23
2024-07-24,Restaurant_A,Salad,55,38
2024-07-24,Restaurant_A,Pasta,160,27
2024-07-24,Restaurant_A,Sushi,55,11
2024-07-24,Restaurant_B,Burger,181,42
2024-07-24,Restaurant_B,Pizza,83,2
2024-07-24,Restaurant_B,Salad,184,4
2024-07-24,Restaurant_B,Pasta,137,19
2024-07-24,Restaurant_B,Sushi,91,37
2024-07-24,Restaurant_C,Burger,62,7
2024-07-24,Restaurant_C,Pizza,164,8
2024-07-24,Restaurant_C,Salad,125,21
2024-07-24,Restaurant_C,Pasta,107,6
2024-07-24,Restaurant_C,Sushi,70,23
2024-07-25,Restaurant_A,Burger,160,2
2024-07-25,Restaurant_A,Pizza,79,34
2024-07-25,Restaurant_A,Salad,182,46
2024-07-25,Restaurant_A,Pasta,119,43
2024-07-25,Restaurant_A,Sushi,156,4
2024-07-25,Restaurant_B,Burger,57,49
2024-07-25,Restaurant_B,Pizza,164,16
2024-07-25,Restaurant_B,Salad,183,28
2024-07-25,Restaurant_B,Pasta,159,24
2024-07-25,Restaurant_B,Sushi,65,30
2024-07-25,Restaurant_C,Burger,67,30
2024-07-25,Restaurant_C,Pizza,112,7
2024-07-25,Restaurant_C,Salad,108,10
2024-07-25,Restaurant_C,Pasta,191,35
2024-07-25,Restaurant_C,Sushi,138,9
2024-07-26,Restaurant_A,Burger,77,44
2024-07-26,Restaurant_A,Pizza,71,45
2024-07-26,Restaurant_A,Salad,113,29
2024-07-26,Restaurant_A,Pasta,95,36
2024-07-26,Restaurant_A,Sushi,134,27
2024-07-26,Restaurant_B,Burger,149,3
2024-07-26,Restaurant_B,Pizza,148,10
2024-07-26,Restaurant_B,Salad,145,14
2024-07-26,Restaurant_B,Pasta,177,16
2024-07-26,Restaurant_B,Sushi,168,7
2024-07-26,Restaurant_C,Burger,188,27
2024-07-26,Restaurant_C,Pizza,125,12
2024-07-26,Restaurant_C,Salad,91,41
2024-07-26,Restaurant_C,Pasta,148,50
2024-07-26,Restaurant_C,Sushi,100,38
2024-07-27,Restaurant_A,Burger,140,21
2024-07-27,Restaurant_A,Pizza,67,36
2024-07-27,Restaurant_A,Salad,166,18
2024-07-27,Restaurant_A,Pasta,101,39
2024-07-27,Restaurant_A,Sushi,77,29
2024-07-27,Restaurant_B,Burger,133,47
2024-07-27,Restaurant_B,Pizza,176,3
2024-07-27,Restaurant_B,Salad,176,46
2024-07-27,Restaurant_B,Pasta,150,3
2024-07-27,Restaurant_B,Sushi,105,28
2024-07-27,Restaurant_C,Burger,125,39
2024-07-27,Restaurant_C,Pizza,142,10
2024-07-27,Restaurant_C,Salad,100,9
2024-07-27,Restaurant_C,Pasta,74,7
2024-07-27,Restaurant_C,Sushi,153,25
2024-07-28,Restaurant_A,Burger,81,29
2024-07-28,Restaurant_A,Pizza,80,21
2024-07-28,Restaurant_A,Salad,164,41
2024-07-28,Restaurant_A,Pasta,189,2
2024-07-28,Restaurant_A,Sushi,197,38
2024-07-28,Restaurant_B,Burger,112,28
2024-07-28,Restaurant_B,Pizza,147,17
2024-07-28,Restaurant_B,Salad,153,28
2024-07-28,Restaurant_B,Pasta,166,14
2024-07-28,Restaurant_B,Sushi,189,40
2024-07-28,Restaurant_C,Burger,155,45
2024-07-28,Restaurant_C,Pizza,90,40
2024-07-28,Restaurant_C,Salad,59,20
2024-07-28,Restaurant_C,Pasta,119,40
2024-07-28,Restaurant_C,Sushi,51,28
2024-07-29,Restaurant_A,Burger,176,3
2024-07-29,Restaurant_A,Pizza,72,41
2024-07-29,Restaurant_A,Salad,74,17
2024-07-29,Restaurant_A,Pasta,190,35
2024-07-29,Restaurant_A,Sushi,81,40
2024-07-29,Restaurant_B,Burger,110,35
2024-07-29,Restaurant_B,Pizza,104,31
2024-07-29,Restaurant_B,Salad,146,20
2024-07-29,Restaurant_B,Pasta,128,17
2024-07-29,Restaurant_B,Sushi,93,50
2024-07-29,Restaurant_C,Burger,70,21
2024-07-29,Restaurant_C,Pizza,107,17
2024-07-29,Restaurant_C,Salad,76,12
2024-07-29,Restaurant_C,Pasta,84,24
2024-07-29,Restaurant_C,Sushi,143,11
2024-07-30,Restaurant_A,Burger,116,5
2024-07-30,Restaurant_A,Pizza,80,31
2024-07-30,Restaurant_A,Salad,69,36
2024-07-30,Restaurant_A,Pasta,80,40
2024-07-30,Restaurant_A,Sushi,174,31
2024-07-30,Restaurant_B,Burger,69,39
2024-07-30,Restaurant_B,Pizza,193,29
2024-07-30,Restaurant_B,Salad,118,22
2024-07-30,Restaurant_B,Pasta,72,9
2024-07-30,Restaurant_B,Sushi,142,21
2024-07-30,Restaurant_C,Burger,187,33
2024-07-30,Restaurant_C,Pizza,50,43
2024-07-30,Restaurant_C,Salad,151,49
2024-07-30,Restaurant_C,Pasta,96,11
2024-07-30,Restaurant_C,Sushi,190,7
2024-07-31,Restaurant_A,Burger,79,15
2024-07-31,Restaurant_A,Pizza,165,50
2024-07-31,Restaurant_A,Salad,191,34
2024-07-31,Restaurant_A,Pasta,112,46
2024-07-31,Restaurant_A,Sushi,142,28
2024-07-31,Restaurant_B,Burger,53,23
2024-07-31,Restaurant_B,Pizza,59,37
2024-07-31,Restaurant_B,Salad,115,32
2024-07-31,Restaurant_B,Pasta,57,17
2024-07-31,Restaurant_B,Sushi,79,30
2024-07-31,Restaurant_C,Burger,105,18
2024-07-31,Restaurant_C,Pizza,100,39
2024-07-31,Restaurant_C,Salad,96,1
2024-07-31,Restaurant_C,Pasta,103,9
2024-07-31,Restaurant_C,Sushi,60,23
2024-08-01,Restaurant_A,Burger,130,0
2024-08-01,Restaurant_A,Pizza,141,49
2024-08-01,Restaurant_A,Salad,69,22
2024-08-01,Restaurant_A,Pasta,112,9
2024-08-01,Restaurant_A,Sushi,165,26
2024-08-01,Restaurant_B,Burger,96,34
2024-08-01,Restaurant_B,Pizza,162,6
2024-08-01,Restaurant_B,Salad,183,41
2024-08-01,Restaurant_B,Pasta,183,15
2024-08-01,Restaurant_B,Sushi,98,23
2024-08-01,Restaurant_C,Burger,105,3
2024-08-01,Restaurant_C,Pizza,103,45
2024-08-01,Restaurant_C,Salad,103,49
2024-08-01,Restaurant_C,Pasta,113,8
2024-08-01,Restaurant_C,Sushi,188,37
2024-08-02,Restaurant_A,Burger,150,29
2024-08-02,Restaurant_A,Pizza,72,37
2024-08-02,Restaurant_A,Salad,177,50
2024-08-02,Restaurant_A,Pasta,142,46
2024-08-02,Restaurant_A,Sushi,139,12
2024-08-02,Restaurant_B,Burger,186,41
2024-08-02,Restaurant_B,Pizza,77,19
2024-08-02,Restaurant_B,Salad,128,41
2024-08-02,Restaurant_B,Pasta,85,43
2024-08-02,Restaurant_B,Sushi,101,13
2024-08-02,Restaurant_C,Burger,172,34
2024-08-02,Restaurant_C,Pizza,114,32
2024-08-02,Restaurant_C,Salad,97,35
2024-08-02,Restaurant_C,Pasta,199,47
2024-08-02,Restaurant_C,Sushi,50,50
2024-08-03,Restaurant_A,Burger,52,3
2024-08-03,Restaurant_A,Pizza,146,48
2024-08-03,Restaurant_A,Salad,63,5
2024-08-03,Restaurant_A,Pasta,158,17
2024-08-03,Restaurant_A,Sushi,136,21
2024-08-03,Restaurant_B,Burger,119,48
2024-08-03,Restaurant_B,Pizza,130,41
2024-08-03,Restaurant_B,Salad,108,6
2024-08-03,Restaurant_B,Pasta,128,15
2024-08-03,Restaurant_B,Sushi,163,30
2024-08-03,Restaurant_C,Burger,179,40
2024-08-03,Restaurant_C,Pizza,165,18
2024-08-03,Restaurant_C,Salad,64,30
2024-08-03,Restaurant_C,Pasta,142,3
2024-08-03,Restaurant_C,Sushi,99,39
2024-08-04,Restaurant_A,Burger,199,8
2024-08-04,Restaurant_A,Pizza,158,0
2024-08-04,Restaurant_A,Salad,136,47
2024-08-04,Restaurant_A,Pasta,101,6
2024-08-04,Restaurant_A,Sushi,84,6
2024-08-04,Restaurant_B,Burger,110,13
2024-08-04,Restaurant_B,Pizza,108,29
2024-08-04,Restaurant_B,Salad,169,46
2024-08-04,Restaurant_B,Pasta,200,23
2024-08-04,Restaurant_B,Sushi,176,29
2024-08-04,Restaurant_C,Burger,167,19
2024-08-04,Restaurant_C,Pizza,189,50
2024-08-04,Restaurant_C,Salad,199,38
2024-08-04,Restaurant_C,Pasta,140,21
2024-08-04,Restaurant_C,Sushi,75,50
2024-08-05,Restaurant_A,Burger,151,38
2024-08-05,Restaurant_A,Pizza,118,13
2024-08-05,Restaurant_A,Salad,196,34
2024-08-05,Restaurant_A,Pasta,184,19
2024-08-05,Restaurant_A,Sushi,63,6
2024-08-05,Restaurant_B,Burger,155,22
2024-08-05,Restaurant_B,Pizza,159,6
2024-08-05,Restaurant_B,Salad,77,43
2024-08-05,Restaurant_B,Pasta,56,23
2024-08-05,Restaurant_B,Sushi,65,29
2024-08-05,Restaurant_C,Burger,127,32
2024-08-05,Restaurant_C,Pizza,140,50
2024-08-05,Restaurant_C,Salad,134,50
2024-08-05,Restaurant_C,Pasta,125,12
2024-08-05,Restaurant_C,Sushi,53,42
2024-08-06,Restaurant_A,Burger,194,17
2024-08-06,Restaurant_A,Pizza,78,17
2024-08-06,Restaurant_A,Salad,134,19
2024-08-06,Restaurant_A,Pasta,126,7
2024-08-06,Restaurant_A,Sushi,177,35
2024-08-06,Restaurant_B,Burger,108,2
2024-08-06,Restaurant_B,Pizza,68,5
2024-08-06,Restaurant_B,Salad,175,24
2024-08-06,Restaurant_B,Pasta,168,49
2024-08-06,Restaurant_B,Sushi,152,43
2024-08-06,Restaurant_C,Burger,167,50
2024-08-06,Restaurant_C,Pizza,117,6
2024-08-06,Restaurant_C,Salad,79,26
2024-08-06,Restaurant_C,Pasta,115,4
2024-08-06,Restaurant_C,Sushi,102,4
2024-08-07,Restaurant_A,Burger,128,26
2024-08-07,Restaurant_A,Pizza,108,30
2024-08-07,Restaurant_A,Salad,191,46
2024-08-07,Restaurant_A,Pasta,162,13
2024-08-07,Restaurant_A,Sushi,110,39
2024-08-07,Restaurant_B,Burger,88,44
2024-08-07,Restaurant_B,Pizza,172,27
2024-08-07,Restaurant_B,Salad,148,41
2024-08-07,Restaurant_B,Pasta,52,35
2024-08-07,Restaurant_B,Sushi,64,10
2024-08-07,Restaurant_C,Burger,174,11
2024-08-07,Restaurant_C,Pizza,58,17
2024-08-07,Restaurant_C,Salad,161,47
2024-08-07,Restaurant_C,Pasta,80,11
2024-08-07,Restaurant_C,Sushi,182,47
2024-08-08,Restaurant_A,Burger,102,46
2024-08-08,Restaurant_A,Pizza,122,17
2024-08-08,Restaurant_A,Salad,53,5
2024-08-08,Restaurant_A,Pasta,137,12
2024-08-08,Restaurant_A,Sushi,96,33
2024-08-08,Restaurant_B,Burger,148,42
2024-08-08,Restaurant_B,Pizza,75,46
2024-08-08,Restaurant_B,Salad,72,22
2024-08-08,Restaurant_B,Pasta,68,31
2024-08-08,Restaurant_B,Sushi,128,43
2024-08-08,Restaurant_C,Burger,142,7
2024-08-08,Restaurant_C,Pizza,93,48
2024-08-08,Restaurant_C,Salad,118,35
2024-08-08,Restaurant_C,Pasta,111,35
2024-08-08,Restaurant_C,Sushi,79,40
2024-08-09,Restaurant_A,Burger,119,27
2024-08-09,Restaurant_A,Pizza,181,7
2024-08-09,Restaurant_A,Salad,151,43
2024-08-09,Restaurant_A,Pasta,69,21
2024-08-09,Restaurant_A,Sushi,103,5
2024-08-09,Restaurant_B,Burger,128,6
2024-08-09,Restaurant_B,Pizza,98,8
2024-08-09,Restaurant_B,Salad,195,44
2024-08-09,Restaurant_B,Pasta,76,13
2024-08-09,Restaurant_B,Sushi,53,4
2024-08-09,Restaurant_C,Burger,88,11
2024-08-09,Restaurant_C,Pizza,158,35
2024-08-09,Restaurant_C,Salad,136,36
2024-08-09,Restaurant_C,Pasta,71,22
2024-08-09,Restaurant_C,Sushi,152,14
2024-08-10,Restaurant_A,Burger,185,3
2024-08-10,Restaurant_A,Pizza,151,41
2024-08-10,Restaurant_A,Salad,199,11
2024-08-10,Restaurant_A,Pasta,150,11
2024-08-10,Restaurant_A,Sushi,149,28
2024-08-10,Restaurant_B,Burger,189,22
2024-08-10,Restaurant_B,Pizza,180,12
2024-08-10,Restaurant_B,Salad,172,7
2024-08-10,Restaurant_B,Pasta,139,26
2024-08-10,Restaurant_B,Sushi,136,4
2024-08-10,Restaurant_C,Burger,101,17
2024-08-10,Restaurant_C,Pizza,188,49
2024-08-10,Restaurant_C,Salad,111,6
2024-08-10,Restaurant_C,Pasta,159,38
2024-08-10,Restaurant_C,Sushi,160,44
2024-08-11,Restaurant_A,Burger,96,15
2024-08-11,Restaurant_A,Pizza,101,34
2024-08-11,Restaurant_A,Salad,60,26
2024-08-11,Restaurant_A,Pasta,147,3
2024-08-11,Restaurant_A,Sushi,95,14
2024-08-11,Restaurant_B,Burger,115,50
2024-08-11,Restaurant_B,Pizza,71,7
2024-08-11,Restaurant_B,Salad,180,16
2024-08-11,Restaurant_B,Pasta,184,20
2024-08-11,Restaurant_B,Sushi,99,0
2024-08-11,Restaurant_C,Burger,163,16
2024-08-11,Restaurant_C,Pizza,89,46
2024-08-11,Restaurant_C,Salad,117,41
2024-08-11,Restaurant_C,Pasta,177,34
2024-08-11,Restaurant_C,Sushi,119,5
2024-08-12,Restaurant_A,Burger,139,16
2024-08-12,Restaurant_A,Pizza,79,17
2024-08-12,Restaurant_A,Salad,113,41
2024-08-12,Restaurant_A,Pasta,120,44
2024-08-12,Restaurant_A,Sushi,112,24
2024-08-12,Restaurant_B,Burger,133,25
2024-08-12,Restaurant_B,Pizza,161,46
2024-08-12,Restaurant_B,Salad,120,14
2024-08-12,Restaurant_B,Pasta,160,37
2024-08-12,Restaurant_B,Sushi,139,46
2024-08-12,Restaurant_C,Burger,68,11
2024-08-12,Restaurant_C,Pizza,110,28
2024-08-12,Restaurant_C,Salad,173,41
2024-08-12,Restaurant_C,Pasta,109,19
2024-08-12,Restaurant_C,Sushi,113,15
2024-08-13,Restaurant_A,Burger,126,14
2024-08-13,Restaurant_A,Pizza,135,35
2024-08-13,Restaurant_A,Salad,140,42
2024-08-13,Restaurant_A,Pasta,143,10
2024-08-13,Restaurant_A,Sushi,163,24
2024-08-13,Restaurant_B,Burger,156,19
2024-08-13,Restaurant_B,Pizza,160,24
2024-08-13,Restaurant_B,Salad,56,9
2024-08-13,Restaurant_B,Pasta,59,14
2024-08-13,Restaurant_B,Sushi,73,7
2024-08-13,Restaurant_C,Burger,187,9
2024-08-13,Restaurant_C,Pizza,112,35
2024-08-13,Restaurant_C,Salad,144,22
2024-08-13,Restaurant_C,Pasta,155,2
2024-08-13,Restaurant_C,Sushi,54,8
2024-08-14,Restaurant_A,Burger,80,32
2024-08-14,Restaurant_A,Pizza,80,19
2024-08-14,Restaurant_A,Salad,112,18
2024-08-14,Restaurant_A,Pasta,167,47
2024-08-14,Restaurant_A,Sushi,116,25
2024-08-14,Restaurant_B,Burger,172,10
2024-08-14,Restaurant_B,Pizza,159,21
2024-08-14,Restaurant_B,Salad,77,41
2024-08-14,Restaurant_B,Pasta,190,37
2024-08-14,Restaurant_B,Sushi,147,36
2024-08-14,Restaurant_C,Burger,76,48
2024-08-14,Restaurant_C,Pizza,116,13
2024-08-14,Restaurant_C,Salad,123,40
2024-08-14,Restaurant_C,Pasta,131,11
2024-08-14,Restaurant_C,Sushi,78,16
2024-08-15,Restaurant_A,Burger,172,35
2024-08-15,Restaurant_A,Pizza,147,1
2024-08-15,Restaurant_A,Salad,95,22
2024-08-15,Restaurant_A,Pasta,150,41
2024-08-15,Restaurant_A,Sushi,181,19
2024-08-15,Restaurant_B,Burger,193,1
2024-08-15,Restaurant_B,Pizza,136,29
2024-08-15,Restaurant_B,Salad,190,13
2024-08-15,Restaurant_B,Pasta,192,25
2024-08-15,Restaurant_B,Sushi,193,35
2024-08-15,Restaurant_C,Burger,130,29
2024-08-15,Restaurant_C,Pizza,113,37
2024-08-15,Restaurant_C,Salad,132,7
2024-08-15,Restaurant_C,Pasta,73,22
2024-08-15,Restaurant_C,Sushi,193,38
2024-08-16,Restaurant_A,Burger,170,30
2024-08-16,Restaurant_A,Pizza,171,19
2024-08-16,Restaurant_A,Salad,56,7
2024-08-16,Restaurant_A,Pasta,143,31
2024-08-16,Restaurant_A,Sushi,174,3
2024-08-16,Restaurant_B,Burger,125,27
2024-08-16,Restaurant_B,Pizza,61,13
2024-08-16,Restaurant_B,Salad,144,43
2024-08-16,Restaurant_B,Pasta,93,0
2024-08-16,Restaurant_B,Sushi,129,10
2024-08-16,Restaurant_C,Burger,91,0
2024-08-16,Restaurant_C,Pizza,56,27
2024-08-16,Restaurant_C,Salad,133,22
2024-08-16,Restaurant_C,Pasta,69,46
2024-08-16,Restaurant_C,Sushi,100,4
2024-08-17,Restaurant_A,Burger,97,0
2024-08-17,Restaurant_A,Pizza,86,22
2024-08-17,Restaurant_A,Salad,120,29
2024-08-17,Restaurant_A,Pasta,87,47
2024-08-17,Restaurant_A,Sushi,174,16
2024-08-17,Restaurant_B,Burger,141,7
2024-08-17,Restaurant_B,Pizza,137,42
2024-08-17,Restaurant_B,Salad,108,43
2024-08-17,Restaurant_B,Pasta,196,34
2024-08-17,Restaurant_B,Sushi,115,17
2024-08-17,Restaurant_C,Burger,157,6
2024-08-17,Restaurant_C,Pizza,146,16
2024-08-17,Restaurant_C,Salad,96,48
2024-08-17,Restaurant_C,Pasta,70,0
2024-08-17,Restaurant_C,Sushi,98,15
2024-08-18,Restaurant_A,Burger,197,48
2024-08-18,Restaurant_A,Pizza,154,12
2024-08-18,Restaurant_A,Salad,170,42
2024-08-18,Restaurant_A,Pasta,76,11
2024-08-18,Restaurant_A,Sushi,82,3
2024-08-18,Restaurant_B,Burger,71,49
2024-08-18,Restaurant_B,Pizza,155,22
2024-08-18,Restaurant_B,Salad,200,37
2024-08-18,Restaurant_B,Pasta,70,22
2024-08-18,Restaurant_B,Sushi,200,42
2024-08-18,Restaurant_C,Burger,119,35
2024-08-18,Restaurant_C,Pizza,154,13
2024-08-18,Restaurant_C,Salad,169,29
2024-08-18,Restaurant_C,Pasta,107,35
2024-08-18,Restaurant_C,Sushi,137,45
2024-08-19,Restaurant_A,Burger,162,39
2024-08-19,Restaurant_A,Pizza,160,28
2024-08-19,Restaurant_A,Salad,127,36
2024-08-19,Restaurant_A,Pasta,133,38
2024-08-19,Restaurant_A,Sushi,89,47
2024-08-19,Restaurant_B,Burger,102,24
2024-08-19,Restaurant_B,Pizza,149,21
2024-08-19,Restaurant_B,Salad,189,29
2024-08-19,Restaurant_B,Pasta,123,9
2024-08-19,Restaurant_B,Sushi,92,17
2024-08-19,Restaurant_C,Burger,106,25
2024-08-19,Restaurant_C,Pizza,180,30
2024-08-19,Restaurant_C,Salad,60,25
2024-08-19,Restaurant_C,Pasta,182,28
2024-08-19,Restaurant_C,Sushi,191,19
2024-08-20,Restaurant_A,Burger,54,23
2024-08-20,Restaurant_A,Pizza,107,11
2024-08-20,Restaurant_A,Salad,132,41
2024-08-20,Restaurant_A,Pasta,176,17
2024-08-20,Restaurant_A,Sushi,54,6
2024-08-20,Restaurant_B,Burger,191,19
2024-08-20,Restaurant_B,Pizza,113,8
2024-08-20,Restaurant_B,Salad,136,10
2024-08-20,Restaurant_B,Pasta,144,16
2024-08-20,Restaurant_B,Sushi,75,7
2024-08-20,Restaurant_C,Burger,137,19
2024-08-20,Restaurant_C,Pizza,195,18
2024-08-20,Restaurant_C,Salad,181,18
2024-08-20,Restaurant_C,Pasta,70,39
2024-08-20,Restaurant_C,Sushi,57,44
2024-08-21,Restaurant_A,Burger,77,44
2024-08-21,Restaurant_A,Pizza,139,32
2024-08-21,Restaurant_A,Salad,200,19
2024-08-21,Restaurant_A,Pasta,144,10
2024-08-21,Restaurant_A,Sushi,139,0
2024-08-21,Restaurant_B,Burger,162,13
2024-08-21,Restaurant_B,Pizza,182,2
2024-08-21,Restaurant_B,Salad,187,5
2024-08-21,Restaurant_B,Pasta,155,12
2024-08-21,Restaurant_B,Sushi,129,38
2024-08-21,Restaurant_C,Burger,136,45
2024-08-21,Restaurant_C,Pizza,155,38
2024-08-21,Restaurant_C,Salad,54,12
2024-08-21,Restaurant_C,Pasta,120,30
2024-08-21,Restaurant_C,Sushi,187,6
2024-08-22,Restaurant_A,Burger,149,9
2024-08-22,Restaurant_A,Pizza,198,27
2024-08-22,Restaurant_A,Salad,101,2
2024-08-22,Restaurant_A,Pasta,135,37
2024-08-22,Restaurant_A,Sushi,186,45
2024-08-22,Restaurant_B,Burger,111,44
2024-08-22,Restaurant_B,Pizza,168,7
2024-08-22,Restaurant_B,Salad,54,41
2024-08-22,Restaurant_B,Pasta,180,16
2024-08-22,Restaurant_B,Sushi,168,37
2024-08-22,Restaurant_C,Burger,73,27
2024-08-22,Restaurant_C,Pizza,171,45
2024-08-22,Restaurant_C,Salad,69,9
2024-08-22,Restaurant_C,Pasta,196,6
2024-08-22,Restaurant_C,Sushi,106,22
2024-08-23,Restaurant_A,Burger,102,6
2024-08-23,Restaurant_A,Pizza,161,28
2024-08-23,Restaurant_A,Salad,163,23
2024-08-23,Restaurant_A,Pasta,123,16
2024-08-23,Restaurant_A,Sushi,131,46
2024-08-23,Restaurant_B,Burger,191,24
2024-08-23,Restaurant_B,Pizza,157,33
2024-08-23,Restaurant_B,Salad,54,3
2024-08-23,Restaurant_B,Pasta,113,16
2024-08-23,Restaurant_B,Sushi,170,18
2024-08-23,Restaurant_C,Burger,158,31
2024-08-23,Restaurant_C,Pizza,52,8
2024-08-23,Restaurant_C,Salad,198,34
2024-08-23,Restaurant_C,Pasta,194,11
2024-08-23,Restaurant_C,Sushi,139,36
2024-08-24,Restaurant_A,Burger,153,6
2024-08-24,Restaurant_A,Pizza,85,13
2024-08-24,Restaurant_A,Salad,98,26
2024-08-24,Restaurant_A,Pasta,193,4
2024-08-24,Restaurant_A,Sushi,139,21
2024-08-24,Restaurant_B,Burger,155,20
2024-08-24,Restaurant_B,Pizza,65,21
2024-08-24,Restaurant_B,Salad,113,49
2024-08-24,Restaurant_B,Pasta,163,15
2024-08-24,Restaurant_B,Sushi,122,49
2024-08-24,Restaurant_C,Burger,160,38
2024-08-24,Restaurant_C,Pizza,56,17
2024-08-24,Restaurant_C,Salad,141,9
2024-08-24,Restaurant_C,Pasta,81,49
2024-08-24,Restaurant_C,Sushi,198,10
2024-08-25,Restaurant_A,Burger,112,26
2024-08-25,Restaurant_A,Pizza,185,38
2024-08-25,Restaurant_A,Salad,62,28
2024-08-25,Restaurant_A,Pasta,188,25
2024-08-25,Restaurant_A,Sushi,148,25
2024-08-25,Restaurant_B,Burger,195,22
2024-08-25,Restaurant_B,Pizza,171,9
2024-08-25,Restaurant_B,Salad,69,7
2024-08-25,Restaurant_B,Pasta,138,39
2024-08-25,Restaurant_B,Sushi,164,13
2024-08-25,Restaurant_C,Burger,92,42
2024-08-25,Restaurant_C,Pizza,181,42
2024-08-25,Restaurant_C,Salad,58,40
2024-08-25,Restaurant_C,Pasta,187,40
2024-08-25,Restaurant_C,Sushi,187,24
2024-08-26,Restaurant_A,Burger,131,30
2024-08-26,Restaurant_A,Pizza,76,8
2024-08-26,Restaurant_A,Salad,92,26
2024-08-26,Restaurant_A,Pasta,158,19
2024-08-26,Restaurant_A,Sushi,170,9
2024-08-26,Restaurant_B,Burger,138,36
2024-08-26,Restaurant_B,Pizza,146,23
2024-08-26,Restaurant_B,Salad,173,15
2024-08-26,Restaurant_B,Pasta,162,22
2024-08-26,Restaurant_B,Sushi,66,6
2024-08-26,Restaurant_C,Burger,145,2
2024-08-26,Restaurant_C,Pizza,199,17
2024-08-26,Restaurant_C,Salad,71,35
2024-08-26,Restaurant_C,Pasta,103,33
2024-08-26,Restaurant_C,Sushi,83,25
2024-08-27,Restaurant_A,Burger,68,24
2024-08-27,Restaurant_A,Pizza,60,39
2024-08-27,Restaurant_A,Salad,193,38
2024-08-27,Restaurant_A,Pasta,120,23
2024-08-27,Restaurant_A,Sushi,62,48
2024-08-27,Restaurant_B,Burger,159,37
2024-08-27,Restaurant_B,Pizza,193,45
2024-08-27,Restaurant_B,Salad,113,27
2024-08-27,Restaurant_B,Pasta,57,26
2024-08-27,Restaurant_B,Sushi,156,13
2024-08-27,Restaurant_C,Burger,192,41
2024-08-27,Restaurant_C,Pizza,62,27
2024-08-27,Restaurant_C,Salad,73,15
2024-08-27,Restaurant_C,Pasta,111,17
2024-08-27,Restaurant_C,Sushi,160,27
2024-08-28,Restaurant_A,Burger,95,43
2024-08-28,Restaurant_A,Pizza,167,40
2024-08-28,Restaurant_A,Salad,146,42
2024-08-28,Restaurant_A,Pasta,97,38
2024-08-28,Restaurant_A,Sushi,104,25
2024-08-28,Restaurant_B,Burger,91,29
2024-08-28,Restaurant_B,Pizza,121,30
2024-08-28,Restaurant_B,Salad,137,5
2024-08-28,Restaurant_B,Pasta,175,46
2024-08-28,Restaurant_B,Sushi,107,20
2024-08-28,Restaurant_C,Burger,90,1
2024-08-28,Restaurant_C,Pizza,96,34
2024-08-28,Restaurant_C,Salad,188,24
2024-08-28,Restaurant_C,Pasta,70,48
2024-08-28,Restaurant_C,Sushi,92,7
2024-08-29,Restaurant_A,Burger,129,25
2024-08-29,Restaurant_A,Pizza,184,30
2024-08-29,Restaurant_A,Salad,131,48
2024-08-29,Restaurant_A,Pasta,186,48
2024-08-29,Restaurant_A,Sushi,173,14
2024-08-29,Restaurant_B,Burger,167,30
2024-08-29,Restaurant_B,Pizza,92,21
2024-08-29,Restaurant_B,Salad,123,10
2024-08-29,Restaurant_B,Pasta,90,36
2024-08-29,Restaurant_B,Sushi,93,34
2024-08-29,Restaurant_C,Burger,154,21
2024-08-29,Restaurant_C,Pizza,146,22
2024-08-29,Restaurant_C,Salad,98,47
2024-08-29,Restaurant_C,Pasta,62,36
2024-08-29,Restaurant_C,Sushi,148,5
